patient_id,combined_input,risk_score,risk_level,anomaly,silent_risk,summary
H10009,"Patient H10009, age 67, sex M, BMI 31.4, smoker 1, diabetic 1, dx_code E11. Note: Follow-up visit. asthma controlled. Recommending lifestyle changes.",0.9,HIGH,True,False,"Patient H10009 is at high risk for potential health complications and has a high chance of increasing healthcare costs due to his age, BMI, smoking status, and diabetes. Historically, similar patients with similar characteristics have seen an increase in health issues, suggesting that this patient could experience similar health challenges unless proactive steps are taken. Our analysis recommends implementing preventive measures and close monitoring to mitigate this risk and ensure optimal patient outcomes.

(Note: This plain language summary highlights the key points the business team needs to act on, focusing on potential financial impact and the need for proactive measures to manage the risk.)"
H10012,"Patient H10012, age 72, sex M, BMI 28.4, smoker 1, diabetic 1, dx_code J45. Note: Patient presents with indigestion for 5 days. History of diabetes. Vitals stable.",0.85,HIGH,True,True,"Patient H10012 presents a high risk of potential complications due to existing health conditions, including diabetes. While their symptoms are currently mild, their risk profile suggests that we should be prepared for possible escalation. A closer examination of the patient's medical history, current treatment plan, and potential interventions will be necessary to mitigate this risk."
H10001,"Patient H10001, age 70, sex M, BMI 23.4, smoker 1, diabetic 0, dx_code J45. Note: Reports headache episodically; denies chest pain. On meds for sciatica.",0.6,MEDIUM,False,True,"Based on the analysis, Patient H10001 has a medium risk profile (0.6) and has not been flagged as an anomaly. However, our team has identified some historical cases with similar profiles that present potential concerns, such as episodes of headache, back pain, or anxiety. As a result, we recommend that the underwriting and clinical teams closely review this patient's case and monitor their condition to ensure timely interventions and prevent potential complications."
H10004,"Patient H10004, age 77, sex F, BMI 33.3, smoker 0, diabetic 0, dx_code F41. Note: Patient presents with insomnia for 12 days. History of diabetes. Vitals stable.",0.5,MEDIUM,False,False,"Based on our analysis, patient H10004 has a medium risk score of 0.5, indicating a moderate level of concern for potential future health complications. This risk is elevated due to her insomnia diagnosis, which may require further monitoring and management to prevent escalation, despite having no history of diabetes. Our analysis suggests a cautious approach to this patient, recommending ongoing assessment and potential adjustments to her treatment plan to minimize future health risks."
H10000,"Patient H10000, age 68, sex M, BMI 25.3, smoker 0, diabetic 0, dx_code E78. Note: Patient presents with headache for 1 days. History of diabetes. Vitals stable.",0.35,LOW,False,False,"Based on our analysis, Patient H10000 has a low risk score of 0.35, indicating a relatively low likelihood of a significant health issue. However, we've identified a few similar cases with slightly higher risk scores that may warrant closer review of this patient's medical history and treatment plan, particularly given their history of diabetes. We recommend closely monitoring Patient H10000's condition and adjusting their care plan if necessary to mitigate potential risks."
H10002,"Patient H10002, age 41, sex M, BMI 24.5, smoker 0, diabetic 0, dx_code M54. Note: Follow-up visit. hyperlipidemia controlled. Recommending lifestyle changes.",0.2,LOW,False,False,"Here's a 3-sentence plain language risk summary for the business team:

Patient H10002 has a low risk score of 0.2, indicating that this patient is unlikely to require significant medical intervention. However, as a follow-up visit, it's recommended to continue monitoring the patient's condition, particularly their hyperlipidemia. From a risk management perspective, this case does not raise any major red flags, but the business team should remain vigilant and take proactive steps to ensure the patient receives ongoing care and support as needed."
H10033,"Patient H10033, age 74, sex M, BMI 24.2, smoker 1, diabetic 1, dx_code E11. Note: Follow-up visit. hyperlipidemia controlled. Recommending lifestyle changes.",0.9,HIGH,True,False,"Based on our analysis, Patient H10033 is at a high risk of developing complications from diabetes and has an increased likelihood of adverse outcomes due to their smoking habit and current health status. It is recommended that the business team takes proactive measures to address Patient H10033's high-risk profile, such as offering additional resources or support to help them achieve lifestyle changes. This could include providing resources for smoking cessation and nutrition counseling, as well as more frequent check-ups to monitor their condition."
H10014,"Patient H10014, age 63, sex F, BMI 31.6, smoker 0, diabetic 1, dx_code M54. Note: Patient presents with cough for 10 days. History of GAD. Vitals stable.",0.6,MEDIUM,False,True,"Based on the patient's medical history and symptoms, the risk score indicates a medium level of concern for potential health complications. Similar cases have shown that patients with a history of GAD and persistent coughs have outcomes that are generally stable, but it's essential to keep a close eye on this patient. We recommend continued monitoring and regular check-ups to ensure the patient's condition doesn't deteriorate, which could potentially result in increased costs for treatment and care."
